tidak_baku,baku,
sorry,maaf,
yg,yang,
disini,di sini,
emang,memang,
udah,sudah,
jadinya,menjadi,
ngubah,mengubah,
ngelunjak,melampaui batas,
kaya,seperti,
gak,tidak,
bakal,akan,
komen,komentar,
indo,indonesia,
dr,dari,
dgn,dengan,
kalo,kalau,
krn,karena,
sg,singapura,
sdgkn,sedangkan,
trade,perdagangan,
nguntungin,menguntungkan,
tdk,tidak,
bener-bener,benar,
negoisasi,negosiasi,
brillian,brilian,
menaikan,menaikkan,
bikin,membuat,
tapi,tetapi,
kebijikan,kebijakan,
key points,poin penting,
pd,pada,
dg,dengan,
o/,oleh,
nego,negosiasi,
ri,republik indonesia,
tetep,tetap,
keukeuh,kukuh,
bilang,mengatakan,
jd,jadi,
gk,tidak,
pny,punya,
bs,bisa,
dibanding,dibandingkan,
misal,misalnya,
ngaruh,berpengaruh,
buat,untuk,
klo,kalau,
kek,seperti,
apa2,apa,
djual,dijual,
ksana,ke sana,
kesini,ke sini ,
tadinya,sebelumnya,
ina,indonesia,
dinego,dinegosiasikan,
tsb,tersebut,
dlm,dalam,
hrs,harus,
nggak,tidak,
dikasih,diberi,
ngobrol,berdialog,
temenan,berteman,
harusnya,seharusnya,
utus,mengutus,
bagi-bagi,membagikan,
update,informasi terkini,
omon2,omong,
doang,saja,
saar seer saar seer,penurut,
ngoyo,berusaha keras,
ngemis2,mengemis,
mau2nya,mau,
aja,saja,
branded,bermerek,
reject,rijek,
factory outlet,gerai pabrik,
sat-set,sigap,
jwbnya,jawabannya,
vs,versus,
ribut,berkonflik,
ujung-ujungnya,pada akhirnya,
omon omon,omong,
naikin,menaikkan,
smapai,sampai,
trilyunan,triliunan,
di ekspor,triliunan,
soal,mengenai,
jabar,jawa barat,
coba,sebaiknya,
kale,barangkali,
ttg,tentang,
tp,tetapi,
b,miliar,
pr,tugas,
gimana,bagaimana,
ampe,sampai,
jg,juga,
dollar,dolar,
kayak,seperti,
amrik,amerika serikat,
gede,besar,
soalnya,karena,
kmrn,kemarin,
di pajak,dipajak,
sm,sama,
ga,tidak,
tau,tahu,
drmn,dari mana,
di hajar,dihajar,
ama,sama,
reform,reformasi,
made in,buatan,
malah,justru,
lu,lo,
legowo,legawa,
bool,bokong,
amat,sangat,
manut,patuh,
udh,sudah,
trus,terus,
segitu,sebanyak itu,
konkrit,konkret,
wapres,wakil presiden,
didunia,di dunia,
eksport,ekspor,
lobby,lobi,
nih,ini,
syarat2,syarat,
masi,masih,
gosah,tidak usah,
dikehidupan,di kehidupan,
yah,ya,
gini,begini,
ikut2an,ikut,
berapapun,berapa pun,
kebli,kebeli,
tuh,itu,
market,pasar,
doyan,suka,
mikir,berpikir,
disana,di sana,
buyer,pembeli,
duit,uang,
kmren,kemarin,
benernya,benarnya,
biar,supaya,
cepet,cepat,
nyampe,sampai,
cruise line,kapal pesiar,
anjok,anjlok,
hutang,utang,
gampangnya,mudahnya,
duitmu,uangmu,
enggak,tidak,
gampang,mudah,
negri,negeri,
remittance,remitansi,
sdkit,sedikit,
lbh,lebih,
murah2,murah,
tariff,tarif,
u.s.,amerika serikat,
trade war,perang dagang,
lelet,lambat,
dinaikan,menaikkan,
tuker,tukar,
cabe,cabai,
nyebabkan,menyebabkan,
ngehunus,menghunus,
ngga,tidak,
mksdnya,maksudnya,
kl,kalau,
kayanya,sepertinya,
kayaknya,sepertinya,
rekyat,rakyat,
tai,tahi,
ancuran,hancuran,
import,impor,
ngotot,bersikeras,
semakin,makin,
part,bagian,
dipasar,di pasar,
yaelah,astaga,
dah,sudah,
kagak,tidak,
bargaining powernya,daya tawarnya,
kaga,tidak,
utk,untuk,
di banjir,membanjiri,
di penuhi,dipenuhi,
nampak,tampak,
tahu2,tahu,
stop,setop,
pede,percaya diri,
kabeh,semua,
memperibet,memperumit,
strong,kuat,
strez,stres,
kedodoran,melorot,
di bluffing,digertak,
di stop,disetop,
jgn,jangan,
di gretak,digertak,
ketar-ketir,waswas,
adversity,tantangan,
bbrp,beberapa,
laen,lain,
meng-impor,mengimpor,
breyy,kawan,
bro,kawan,
nambah,tambah,
gila2an,gila,
boikot2,boikot,
dll,dan lain,
bertubi2,tubi,
sumbuh,sumbu,
numpuk,tumpuk,
konsensi,konsesi,
makanya,maka dari itu,
takut kah,takutkah,
gmn,bagaimana,
nemu,temu,
tarrif,tarif,
liat,lihat,
di impor,diimpor,
fix,pasti,
nolak,tolak,
pake,pakai,
di pertanyakan,dipertanyakan,
merubah,mengubah,
rubuhin,merobohkan,
lakuin,lakukan,
dkk,dan kawan-kawan,
kita kan,bukankah kita,
nah,maka,
kurang lebih kan,kurang lebih,
ujung2nya,pada akhirnya,
ntar,nanti,
regulasi2,regulasi,
ngomong,mengatakan,
berkali2,kali,
sdh,sudah,
nyiapin,menyiapkan,
prabski,prabowo,
njilat,menjilat,
msh,masih,
diketok,diketuk,
koar2,koar,
satu2nya,satu,
sekedar,sekadar,
sebenernya,sebenarnya,
di kurangi,dikurangi,
di tolak,ditolak,
skrg,sekarang,
dri,dari,
klau,kalau,
kyk,seperti,
trade deficit,defisit perdagangan,
partner trade,mitra dagang,
nambahin,menambahkan,
kesinggung,tersinggung,
tiba2,tiba,
murkah,murka,
di sewah,disewa,
di sewa,disewa,
jamane,zamannya,
jaman,zaman,
naikkan,menaikkan,
dajjal,dajal,
ln,luar negeri,
numpang,menumpang,
pinter,pintar,
di tekan,ditekan,
mentrinya,menterinya,
mentri,menteri,
di percaya,dipercaya,
dulu,dahulu,
gitu,begitu,
pengen,pengin,
hadapi,menghadapi,
ngehadepin,menghadapi,
becanda,bercanda,
buktiin,buktikan,
bener2,benar,
surati,menyurati,
deal,kesepakatan,
full support,dukung penuh,
abis,habis,
di ajuin,diajukan,
di kenai,terkena,
statement,pernyataan,
akal2an,akal,
thats why,itulah kenapa,
hlgkn,hilangkan,
dst,dan seterusnya,
mrk,mereka,
sdg,sedang,
dibawah,di bawah,
diatas,di atas,
ditengah,di tengah,
dibelakang,di belakang,
diplomasi nya,diplomasinya,
mbuh,tidak tahu,
bw,bawa,
pajk-pajk,pajak,
nyahok,mampus,
bgst,bangsat,
bokis,bohong,
indon,indonesia,
ngambek,marah,
bgt,sekali,
bawa2,bawa,
jga,juga,
karna,karena,
kemndag,kementerian perdagangan,
nyatanya,kenyataannya,
sok-sokan,berlagak,
perduli,peduli,
cut,potong,
mending,lebih baik,
mulung,memulung,
stuck,macet,
kureng,kurang,
ngarep,berharap,
ngapain,melakukan apa,
kmarin,kemarin,
klu,kalau,
motong,potong,
lg,lagi,
secerca,secercah,
umumin,umumkan,
selloff,penjualan turun,
krg,kurang,
naek,naik,
diluar,di luar,
didalam,di dalam,
syukur2,bersyukur,
di turunkan,diturunkan,
orang2,semua orang,
barang2,barang,
tarif nya,tarifnya,
termul,ternak mulyono,
misuh2,maki,
simple kan,mudahkan,
seneng,senang,
di riset,diriset,
snowballnya,jangka panjangnya,
ijin,izin,
kudu,harus,
ngintip,mengintip,
simplenya,sederhananya,
dipake,dipakai,
batubara,batu bara,
rungkat,hancur,
bener,benar,
milih,pilih,
ngasih,memberi,
ambyar,berantakan,
review,tinjau,
tegangin,meregangkan,
tul ga,betul tidak,
dikit,sedikit,
mbok dibandingin,jangan bandingkan,
dimana,di mana,
fully made in,penuh buatan,
drtd,dari tadi,
concern,perhatian,
great deppression ,depresi besar,
loh,lho,
win-win,adil,
demand,permintaan,
dsini,di sini,
ipon,iphone,
malay,malaysia,
lbih,lebih,
emng,memang,
org2,semua orang,
pdhl,padahal,
lama2,lama,
di jualin,dijualin,
dng,dengan,
related,berkaitan,
belagu,angkuh,
ngimpi,mimpi,
kortingan,potongan,
anak2,anak,
narik,menarik,
menjijikan,menjijikkan,
steady,stabil,
yak,ya,
targeting,penargetan,
kopeten,kompeten,
basic,dasar,
kmaren,kemarin,
ngancem,mengancam,
ngenain,terkena,
disaat,di saat,
grocer,toko,
tlol,tolol,
yh,ya,
jlek,jelek,
santuy,santai,
kasian,kasihan,
sono,sana,
dikasi,diberikan,
kasi,memberikan,
ente,anda,
tpi,tetapi,
pokona,pokoknya,
kocag,kocak,
textile,tekstil,
cn,china,
cuan,uang,
dikepret,dipukul,
sok2an,berlagak,
kaing kaing,memohon,
gasi,tidak sih,
dinaikin,menaikkan,
we don't care,kami tidak peduli,
negony,negosiasinya,
aje,saja,
ga',tidak,
maunye,maunya,
siape,siapa,
dateng,datang,
cuman,hanya,
diturutin,dituruti,
akn,akan,
trjdi,terjadi,
sena,sana,
blegedes,gagal total,
nurul,nalar,
sj,saja,
moge,sepeda motor besar,
seng penting,yang penting,
gada,tidak ada,
uda,sudah,
kebnyakan,kebanyakan,
kerjasama,kerja sama,
ugal2an,berantakan,
negonya,negosiasinya,
ni,ini,
besar2an,besar,
meanwhile,sementara itu,
ngerasa,merasa,
ndak,tidak,
kpn,kapan,
bls,balas,
belio,beliau,
s7,setuju,
mokat,tewas,
nga,tidak,
cross check,cek ulang,
byk,banyak,
bnyk,banyak,
pmrntah,pemerintah,
rkyt,rakyat,
di suruh,disuruh,
plis,tolong,
boro2,jangankan,
lah wong,lah orang,
panic buying,pembelian berlebihan,
counter trade,perdagangan timbal balik,
countertrade,perdagangan timbal balik,
diperes,diperas,
reciprocal,resiprokal,
gpp,tidak apa-apa,
kt,kita,
toh,lagian,
g,tidak,
exp,ekspor,
rakjat,rakyat,
majoritas,mayoritas,
djalanan,jalanan,
djakarta,jakarta,
dmpk,dampak,
bkl,akan,
sbg,sebagai,
seller,penjual,
negara2,negara,
gara2,karena,
spt,seperti,
spy,supaya,
teros,terus,
jdi,jadi ,
knapa,kenapa,
gakena,tidak kena,
dapet,dapat,
swap,pertukaran,
dagng,dagang,
naiikkan,menaikkan,
approach,pendekatan,
sprti,seperti,
ausi,australia,
all-in,totalitas,
bhw,bahwa,
newbie,baru,
amburadul,berantakan,
leverage,keuntungan,
krisi,krisis,
counter,lawan,
sampai2,sampai,
skrng,sekarang,
bljr,belajar,
ad,ada,
org,orang,
gw,gue,
pikirin,pikirkan,
nyesek,sesak,
u/,untuk,
pelan2,pelan,
kromo,sembarangan,
telpon,telepon,
gaspol,tancap gas,
dulu lah,dululah,
fake news,berita bohong,
ditelpon,ditelepon,
ntr,nanti,
br,baru,
bru,baru,
brasa,berasa,
ip,iphone,
ku,aku,
hrsnya,seharusnya,
hrsny,seharusnya,
ato,atau,
taon,tahun,
taun,tahun,
die,dia,
apelagi,apalagi,
berape,berapa,
after,setelah,
storynya,ceritanya,
ikotak,ibox,
segede,sebesar,
nganggep,menganggap,
brand,merek,
sbnarnya,sebenarnya,
msk,masuk,
muahal,mahal,
filipin,filipina,
nekan,tekan,
belom,belum,
blm,belum,
ud,sudah,
nyerap,menyerap,
amsiong,apes,
kemaren,kemarin,
dalem,dalam,
tiap,setiap,
dinaikkin,menaikkan,
baru2,baru,
kw,palsu,
kwalitas,kualitas,
noh,itu,
ngamuk,mengamuk,
supply,suplai,
ajah,saja,
gaje,tidak jelas,
nurunin,turunkan,
gaada,tidak ada,
rame,ramai,
minta2,minta,
framework agreement,perjanjian kerangka kerja,
diawal,di awal,
gamau,tidak mau,
bocorin,bocorkan,
smntara,sementara,
gercep,gerak cepat,
bkn,bukan,
mhn,mohon,
kbjkan,kebijakan,
shg,sehingga,
discount,diskon,
dpt,dapat,
udahlah,sudahlah,
smart,pintar,
pls,tolong,
kedepannya,ke depannya,
perusahaan2,perusahaan,
lsg,langsung,
keoq,payah,
nyungsep,terpuruk,
dmn2,di mana,
anjlog,anjlok,
yes,ya,
palagi,apalagi,
ngikutin,mengikuti,
didiemin,didiamkan,
gabisa,tidak bisa,
macro ekonomi,makroekonomi,
bebnkn,bebankan,
jkw,jokowi,
kbijakn,kebijakan,
tnggu,tunggu,
diksh,dikasih,
masukn,masukan,
prcya,percaya,
prcy,percaya,
makro ekonominya,makroekonominya,
donal,donald,
pending,penundaan,
kemana-mana,ke mana-mana,
ngehold withdraw,menunda penarikan,
ngasi,memberi,
bank2,bank,
sy,saya,
lap,lapangan,
sempet,sempat,
keknya,sepertinya,
bansos,bantuan sosial,
maju2,maju,
gatau,tidak tahu,
gamakan,tidak makan,
mikirin,memikirkan,
ngebantu,membantu,
emak-emak,ibu-ibu,
nawar,menawar,
trumph,trump,
fomo,takut ketinggalan,
new policy,kebijakan baru,
gemoy,imut,
menlu,menteri luar negeri,
gua,gue,
isra,israel,
pales,palestina,
ngebom,membom,
hdeh,ya ampun,
copyright,hak cipta,
bacot,banyak bicara,
mereke,mereka,
ribet,sulit,
import policies,aturan impor,
gitu2,seperti itu,
kembangin,mengembangkan,
gt,begitu,
gtu,begitu,
mempengaruhi,memengaruhi,
saperti,seperti,
and,dan,
export,ekspor,
gasalah,tidak salah,
masang,memasang,
ngutang,mengutang,
didatangi,didatangkan,
gmna,bagaimana,
boncos,bangkrut,
terus2an,terus,
spek,spesifikasi,
pajakx,pajaknya,
buktix,buktinya,
nombok,mengganti biaya,
andelin,mengandalkan,
nyababkan,menyebabkan,
ngandalin,mengandalkan,
maksa,memaksa,
mainin,memainkan,
ny,nya,
berefek,berdampak,
ngawur,asal-asalan,
hps,hapus,
vp,wakil presiden,
cm,hanya,
cuma,hanya,
brg,barang,
akmil,akademi militer,
so,jadi ,
mgkn,mungkin,
ytk,untuk,
ngarepin,mengharapkan,
di turunin,diturunkan,
nyogok,menyuap,
di lihat,dilihat,
ngrogoh,merogoh,
rempelo,ampela,
ko,kok,
expect,menduga,
bagger,untung,
ngoceh,mengoceh,
bluffing,menipu,
ngayal,mengkhayal,
brkontribusi,berkontribusi,
mningkatkan,meningkatkan,
mndkung,mendukung,
nsional,nasional,
pngan,pangan,
kmandirian,kemandirian,
srta,serta,
eknomi,ekonomi,
pt,pabrik,
bg,bagi,
over-capacity,berlebihan kapasitas,
manufacturing,manufakturnya,
kmn,ke mana,
sgt,sangat,
thd,terhadap,
ngincar,mengincar,
sgr,segera,
brng,barang,
bsar,besar,
urgent,penting,
sperti,seperti,
sektor2,sektor,
survive,bertahan,
ningkatin,meningkatkan,
strategist in chief,kepala strategi,
dh,deh,
begok,bego,
nyalahin,menyalahkan,
di potong,dipotong,
engga,tidak,
jor-joran,habis,
brani,berani,
ngide,mengidekan,
fair,adil,
bolehin,membolehkan,
safe haven,tempat aman,
di jajah,dijajah,
ketidak pastian,tidak pasti,
big player,pemain besar,
ekstrim,ekstrem,
jngn,jangan,
edan,gila,
bocil,anak kecil,
ngelawan,melawan,
nentang,menentang,
mentan,menteri pertanian,
kemendag,kementerian perdagangan,
khususny,khususnya,
boro-boro,jangankan,
keringetnya,keringatnya,
hrga,harga,
dtambah,ditambah,
support,mendukung,
ngeluarkan,mengeluarkan,
stlh,setelah,
jiper,takut,
duh,aduh,
gacha,untung-untungan,
expor,ekspor,
free market,pasar bebas,
ngatur2,mengatur,
kran,keran,
revenue,pendapan,
company,perusahaan,
ngerampok,merampok,
himbauan,imbauan,
ketek,ketiak,
pres,menekan,
dari pada,daripada,
di naikkan,menaikkan,
bayangin,bayangkan,
di eksploitasi,dieksploitasi,
darimana,dari mana,
dilemahin,dilemahkan,
diuntungin,diuntungkan,
didatangin,didatangkan,
ngak,tidak,
nempel,menempel,
2k,dua ribu,
jelek2,jelek,
masing2,masing,
bang,abang,
renginang,rengginang,
rb,ribu,
amerik,amerika,
tariffs,tarif,
itupun,itu pun,
dimana2,di mana,
jatoh,jatuh,
dark,gelap,
mbulet,rumit,
pertama2,pertama,
ijo,hijau,
composite index,indeks komposit,
crash,jatuh,
di naikan,menaikkan,
ngerti,mengerti,
said,bilang,
textil,tekstil,
index,indeks,
usa,amerika serikat,
impak,dampak,
sentiment,sentimen,
di implementasikan,diimplementasikan,
nerapin,menerapkan,
sengaruh,sepengaruh,
omzet,omset,
iki,ini,
di bebaskan,dibebaskan,
serem,seram,
dibiarin,dibiarkan,
meeting,rapat,
anjeng,anjing,
bobrok,hancur,
bajingan,bedebah,
uptren,tren naik,
bln,bulan,
survey,survei,
full,penuh,
kemenkeu,kementerian keuangan,
issue,isu,
satgas,satuan tugas,
diimport,diimpor,
buahkan,membuahkan,
ue,uni eropa,
walk,jalan,
out,keluar,
respon,respons,
exportir,eksportir,
cover,menutupi,
pure,asli,
transactional,transaksional,
ngapa-ngapain,melakukan apapun,
retalitation,retalisasi,
square,jujur,
solution,solusi,
chief,ketua,
economist,ekonom,
buset,astaga,
busyet,astaga,
kira2,perkiraan,
sama2,sama,
hilangin,hilangkan,
nerima,menerima,
balikin,kembalikan,
pemrenta,pemerintah,
nuker,tukar,
insight,wawasan,
rebrand,ubah merek,
lemes,lemas,
menteri2,menteri,
pinternya,pintarnya,
donk,dong,
transparent,transparan,
korup,korupsi,
sectional,seksional,
sector,sektor,
garment,garmen,
mamam,mampus,
keok,kalah,
dimana-mana,di mana-mana,
hoax,hoaks,
mislead,sesat,
simpen,simpan,
di pikirin,dipikirkan,
why,kenapa,
dubes,kedutaan besar,
bonds price,harga obligasi,
bonds yield,imbal hasil obligasi,
kongkrit,konkret,
ambrol,ambruk,
yield treasury,hasil perbendaharaan,
longor,dungu,
main2,main,
hello,halo,
getok,pukul,
anjir,sialan,
njir,sialan,
jir,sialan,
hey,hai,
ngedrop,merosot tajam,
puyeng,pusing,
loyo,lemas,
pause,berhentikan,
seolah2,seperti,
hati2,hati,
relatable,berhubungan,
sechaotic,sekacau,
medsos,media sosial,
bgmn,bagaimana,
nolong,menolong,
neken,menekan,
ngeliat,melihat,
merespon,merespons,
mulitalteral,multilateral,
balance,neraca,
u,lo,
franchise,waralaba,
10x,10 kali,
ngirim,mengirim,
bar-bar,brutal,
president,presiden,
detil,detail,
elu,lo,
mr,pak,
urgen,penting,
smua,semua,
prabowk,prabowo,
bargaining,tawar-menawar,
dikiri,di kiri,
dikanan,di kanan,
diinjek,diinjak,
dicekek,dicekik,
mulu,melulu,
anj,anjing,
gausah,tidak usah,
as,amerika serikat,
kajen,terhormat,
blas,sama sekali,
nunduk2,menunduk,
china,cina,
di acak2,berantakan,
diacak2,berantakan,
sistim2,sistem,
sistim,sistem,
gemes,gemas,
dosa2,dosa,
di kenakan,terkena,
sblum,sebelum,
di bego-begoin,dibodoh-bodohi,
semremet,gelisah,
pa,pak,
clickbait,jebakan klik,
deadline,tenggat waktu,
point,poin,
di negosiasi,dinegosiasi,
kesana,ke sana,
bowi,bowo,
wak,bapak,
cowo,laki-laki,
di serang,diserang,
apa lagi,apalagi,
fashion,busana,
hny,hanya,
di tambahin,ditambahkan,
ditambahin,ditambahkan,
ngeles,mengelak,
tekuk,bertekuk,
diitung,dihitung,
ngecilin,mengecilkan,
disandera,tersandera,
sprindik,surat perintah penyidikan,
di gembleng,digembleng,
manfaatin,memanfaatkan,
flashsale,diskon kilat,
flash sale,diskon kilat,
blg,bilang,
domistik,domestik,
sd,sampai dengan,
global south,negara berkembang,
diantaranya,di antaranya,
diantara,di antara,
neliti,meneliti,
kalbar,kalimantan barat,
kaltim,kalimantan timur,
ttap,tetap,
scara,secara,
lngsung,langsung,
brbeda,berbeda,
produck,produk,
jangan2,jangan,
mempnyai,mempunyai,
days,hari,
reprivatisasi,privatisasi ulang,
team,tim,
bagi2,bagi,
diam2,diam,
di jatuhkan,dijatuhkan,
ngeluarin,mengeluarkan,
framming,pembingkaian,
framing,pembingkaian,
nanem,menanam,
ngebeking,melindungi,
nyuruh,menyuruh,
ngalah,mengalah,
ginian,beginian,
menanda tangani,menandatangani,
transpornya,transportasinya,
doangan,saja,
gantiin,menggantikan,
pindahin,pindahkan,
kenthir,gila,
apaan,apa,
si,sih,
penjilat,menjilat,
harga2,harga,
guys,teman-teman,
nyenggol,menyenggol,
di ucapkan,diucapkan,
output,hasil,
smpe,sampai,
diturunin,diturunkan,
dy,dia,
america,amerika,
kerja sm,kerjasama,
international,internasional,
aseng,asing,
tau2,tahu-tahu,
dilepehin,dimuntahkan,
macam2,macam,
denger2,dengar,
jelasin,menjelaskan,
pilpres,pemilihan presiden,
nurut,menurut,
di obok2,berantakan,
di-upgrade,ditingkatkan,
standard,standar,
family,keluarga,
klepek-klepek,menggelepar,
dihadiahi,dihadiahkan,
dealer,agen,
americah,amerika,
ngatur,mengatur,
info2,memberitahukan,
apparel,pakaian,
marketplace,pasar,
aspek2,aspek,
downstreaming,hilirisasi,
ngambil,mengambil,
diversifikatif,diversifikasi,
digenjot,digembleng,
set,mengatur,
test,tes,
stress,stres,
hei,hai,
furniture,furnitur,
terimakasih,terima kasih,
value,harga,
imagine,bayangkan,
ngeri,menakutkan,
fyi,sebagai informasi,
drpd,daripada,
jeli,cermat,
kementrian,kementerian,
ngakali,mengakali,
game,permainan,
btw,ngomong-ngomong,
sebnarnya,sebenarnya,
limited,terbatas,
modyar,mati,
spore,singapura,
internasionel,internasional,
chaos,kekacauan,
eskalasi,peningkatan,
eskalasinya,peningkatannya,
double,ganda,
matek,mati,
chip,cip,
drop,merosot,
ngantri,mengantre,
superpower,adikuasa,
balesan,balasan,
di blokir,diblokir,
retail,ritel,
nyalon,mencalonkan,
di salah,disalah,
dn,dan,
jomplang,tidak seimbang,
payment,pembayaran,
solusi nya,solusinya,
menurun kan,menurunkan,
meningkat kan,meningkatkan,
peoduksi,produksi,
israhell,israel,
sangsi,sanksi,
sowan,berkunjung,
jlas2,jelas,
d akhir,di akhir,
sll,selalu,
jor2an,habis,
koq,kok,
lha,lho,
setres,stres,
yo,ya,
woy,woi,
songong,angkuh,
tupoksi,tugas pokok fungsi,
archon,pemimpin,
srimul,sri mulyani,
bangke,bangkai,
gasuka,tidak suka,
nyeplos,ceplos,
di jadiin,dijadikan,
nganggur,menganggur,
ngapa,kenapa,
nyusahin,menyusahkan,
batesin,membatasi,
apus,hapus,
ancur,hancur,
ajg,anjing,
cecintaan,percintaan,
tar,nanti,
ngelus,mengelus,
chicken,ayam,
cocotmu,omonganmu,
deket,dekat,
lobi2,bernegosiasi,
ormas,organisasi masyarakat,
bolong2nya,lubang,
or,atau,
exspor,ekspor,
mnurun,menurun,
akibt,akibat,
kenaikn,kenaikan,
mmbuat,membuat,
barng,barang,
kbutuhn,kebutuhan,
defist,defisit,
baik2,baik,
mslh,masalah,
ratusn,ratusan,
bntr,sebentar,
hrg,harga,
stag,stagnanansi,
mk,maka,
masf,masif,
sm2,sama,
liht,lihat,
ktk,ketika,
faham,paham,
smp,sampai,
beda2,berbeda,
economics,ekonomi,
politics,politik,
dsb,dan sebagainya,
sprtinya,sepertinya,
manggut2,manggut,
diindo,di indonesia,
siap2,siap,
meres,memeras,
megap2,menggelepar,
drmana,dari mana,
competitive,kompetitif,
azeng,asing,
abal2,palsu,
rebrandinh,ubah merek,
local pride,kebanggaan lokal,
ngandelin,mengandalkan,
atuh,dong,
netijen,netizen,
kegerus,tergerus,
charger,pengisi daya,
quota,kuota,
nentuin,menentukan,
tjd,terjadi,
significant,signifikan,
alkes,alat kesehatan,
dikurangin,dikurangi,
non garment,nonpakaian,
megap-megap,menggelepar,
kegencet,terjepit,
iyo,iya,
praktek,praktik,
bjir,sialan,
aj,saja,
grgr,gara-gara,
nder,pengirim,
sender,pengirim,
good job,kerja bagus,
rempah2,rempah,
nanggung,menanggung,
melempemnya,melempem,
rata2,rata,
th,tahun,
pagi2,pagi,
kemungkinan2,kemungkinan,
lambemu,omonganmu,
very good,sangat bagus,
prabs,prabowo,
iya2in,mengiyakan,
jelas2,jelas,
ada2,ada,
babik,babi,
uncle,paman,
food estate,ketahanan pangan,
yow,ya,
stay,tinggal,
not,bukan,
but,tetapi,
gedeg,kesal,
rewel,cerewet,
gaes,teman-teman,
no,tidak,
fine2,baik,
telen,telan,
ngaca,mengaca,
hola,halo,
ora,tidak,
plesiden,presiden,
hp,ponsel,
dijilat2,menjilati,
emg2,memang,
pmrnth,pemerintah,
gini2,begini,
suspend,menangguhkan,
monggo,silakan,
kuat2an,menguatkan,
ngejabat,menjabat,
mosok,masa,
capek2,bersusah payah,
seneng2,senang,
bgstlah,bangsatlah,
ngedominasi,mendominasi,
 wae ra,saja tak,
batalin,batalkan,
ngeruk,mengeruk,
reliable,diandalkan,
hi,hai,
diapusin,dihapuskan,
memnuhi,memenuhi,
finance,keuangan,
ngang-ngong,bingung,
ongkirnya,ongkos kirimnya,
ongkir,ongkos kirin,
cntoh,contoh,
piara,pelihara,
ani2,ani,
aka,alias,
bahan2,bahan,
nyetrika,menyetrika,
mbatin,membatin,
culture shock,gegar budaya,
wktunya,waktunya,
ngaco,mengacau,
join,bergabung,
chance,peluang,
mainland,tanah daratan,
becuk,bea cukai,
tenant,penyewa,
dipajekin,dipajaki,
hri,hari,
dipinjemin,dipinjamkan,
perpus,perpustakaan,
jastip,jasa titip,
layoff,pecat,
anjrit,sialan,
pantesan,pantasan,
repnya,balasannya,
w,gue,
fav,favorit,
dl,dulu,
sktr,sekitar,
nyokap,ibu,
hargane,harganya,
isa,bisa,
naike,naiknya,
lobang,lubang,
walpun,walaupun,
ngantuk,mengantuk,
repot,ribet,
kga,tidak,
gws,cepat sembuh,
ngonser,konser,
pantes,pantas,
situ,sana,
macem,macam,
beres,selesai,
ngegrutu,memaki,
bngt,sekali,
dipalak,diperas,
beacukai,bea cukai,
bknkah,bukankah,
pjabatnya,pejabatnya,
ngehe,menyebalkan,
ngembaliin,mengembalikan,
anjay,wah,
mayan,lumayan,
goblog,goblok,
record,rekam,
dipindahin,dipindahkan,
imo,menurut pendapatku,
aselinya,aslinya,
kepabeaan,kepabeanan,
tuker-tukeran,saling bertukar,
resiko,risiko,
rollercoaster,naik turun,
ditangkep,ditangkap,
tetek bengek,hal-hal kecil,
ogah,tidak mau,
ges,teman-teman,
ngena,mengenai,
driver,pengemudi,
ojol,ojek daring,
pesen,pesan,
ceboker,tukang cebok,
joss,mantap,
thread,utas,
mendownload,mengunduh,
jmlah,jumlah,
prod,produk,
nyelametin,menyelamatkan,
endonesah,indonesia,
dinaekin,menaikkan,
dikibuli,dibohongi,
gokil,keren,
ngeluh,mengeluh,
demage,kerusakan,
ngejawabnya,menjawabnya,
btul,betul,
dihammer,di palu,
dirumah,di rumah,
muter,memutar,
gile,gila,
tebel,tebal,
nyari,mencari,
main2,main,
hsl,hasil,
keinget,teringat,
ngibulnya,membohonginya,
kebangetan,keterlaluan,
kuota2an,kuota,
mnerimana,menerima,
di suruh,disuruh,
ngacangin,mangacuhkan,
seblm,sebelum,
disupport,didukung,
mabok,mabuk,
dibully,diejek,
pol,polisi,
 eks pres,mantan presiden,
nongkrong,berkumpul,
becus,cakap,
buku2,buku,
dpleset2in,diplesetkan,
kumasih,aku masih,
korsel,korea selatan,
ngelantur,melantur,
bancakan,selametan,
kementrian2,kementerian,
di seperti,diseperti,
shock,kaget,
over power,atas kekuasaan,
go,ayo,
all out,habis-habisan,
php,memberi harapan palsu,
atep,atap,
nyumpahin,menyumpahi,
mentok,terhenti,
mw,mau,
jeblok,anjlok,
kedepannya,ke depannya,
kolaborasiperkuatekonomi,kolaborasi perkuat ekonomi,
kenaikan nya,kenaikannya,
menko,menteri perekonomian ,
rp,rupiah,
the fed,bank sentral amerika,
menkeu,menteri keuangan,
infl,inflasi,
trus2,terus,
she,dia,
panggeran,pangeran,
gramed,gramedia,
plintat-plintut,berubah-ubah pendirian,
melindung,melindungi,
beaya,biaya,
strategiekonomimandiri,strategi ekonomi mandiri,
rupiaj,rupiah,
miras,minuman keras,
karyawab,karyawan,
conroh,contoh,
tarf,tarif,
trmsuk,termasuk,
mngevakuasi,mengevakuasi,
us,amerika serikat,
tariftrump,tarif trump,
donaldtrump,donald trump,
ekonomiindonesia,ekonomi indonesia,
diplomasiekonomi,diplomasi ekonomi,
rp17,17 rupiah,
mah,kan,
trumptariffs,trump tariffs,
eu,uni eropa,
bahlillahadalia,bahlil lahadalia,
partaigolkar,partai golkar,
golkarindonesia,golkar indonesia,
gold,emas,
crypto,kripto,
kolaps,bangkrut,
pajk-pajk,pajak,
mgg,minggu,
jk,jusuf kalla,
rate,harga,
amerikaserikat,amerika serikat,
perangdagang,perang dagang,
sby,susilo bambang yudhiyono,
war,perang,
ikn,ibu kota nusantara,
kuningkeren,kuning keren,
oil,minyak,
job,pekerjaan,
turunin,turunkan,
ekonomiaman,ekonomi aman,
knp,kenapa,
uu,undang-undang,
gonjang ganjing,gonjang-ganjing,
made,buatan,
online,daring,
day,hari,
tbk,terbuka,
yield,hasil,
dibikin,membuat,
just,hanya,
invest,investasi,
treasury bonds,obligasi pemerintah,
treasury,aset,
perangtarif,perang tarif,
cost,biaya,
win win,adil,
win2,adil,
ngemis,mengemis,
supply chain,rantai pasok,
supply,suplai,
ttp,tetapi,
daily,sehari-hari,
buzzer,penyebar pesan,
produk2,produk,
kurangin,kurangi,
langkahin,melangkahi,
alternatf,alternatif,
kitastrategi,kita strategi,
dibenerin,diperbaiki,
atasin,mengatasi,
current account,akun saat ini,
valuable,berharga,
prakarsai,memprakarsai,
didapet,didapat,
briuntukumkm,bri untuk umkm,
srit,sritex,
mungki,mungkin,
ketergantun,ketergantungan,
saktiwahyutrenggono,sakti wahyu trenggono,
imbuhnya,menambahi,
ekonomibiruuntukindonesiaemas,ekonomi biru untuk indonesia emas,
panganbiru,pangan biru,
2025kkprisetogether,2025 kkp bangkit bersama,
problem2,berbagai masalah,
ijin,izin,
bertele2,tele,
ciptakan,menciptakan,
talks,pembicaraan,
brikonsisten,bri konsisten,
nature,alam,
pencapresan,pencalonan presiden,
blkg,belakang,
lejahatannya,kejahatannya,
disono,di sana,
tutupin,menutupi,
coca cola,coca-cola,
perjuangin,perjuangkan,
betul2,betul,
budok,ibu dokter,
satelitnya,negara bawahannya,
amerikadipaksa,amerika dipaksa,
ambilnya,mengambilnya,
colaps,kolaps,
tarifamerikaserikat,tarif amerika serikat,
rsanya,rasanya,
february,februari,
famous,terkenal,
dimainin,dimainkan,
thefed,bank sentral amerika,
mentingin,mementingkan,
umkmyogyakarta,umkm yogyakarta,
bankindonesia,bank indonesia,
zionist,zionis,
cmon,ayolah,
penuhin,penuhi,
perbaikin,perbaiki,
kebijak,kebijakan,
penyepong,antek,
imporbaja,impor baja,
optimistik,optimistis,
adadikompas,ada dikompas,
mbg,makan bergizi gratis,
dikenai,terkena,
tradinggold,perdagangan emas,
goldanalysis,analisis emas,
emiten2,perusahaan,
diotak,di otak,
ude,sudah,
lainnnya,lainnya,
zonauang,zona uang,
angin2 an,tidak konsisten,
shape,bentuk,
yogya,yogyakarta,
mudahkan,memudahkan,
nonono,tidak,
gengs,teman-teman,
pemberlakukan,pemberlakuan,
kelas kakap,golongan atas,
zonaeuro,zona euro,
ingatlah,ingat,
perhatiin,memerhatikan,
merapihkan,merapikan,
diusung,pengusung,
hiliri,hilirisasi,
transpar,transparan,
progr,program,
pemer,pemerintah,
ketidakpasti,ketidakpastian,
sekita,sekitar,
cloud,penyimpanan,
manuf,manufaktur,
pemerin,pemerintah,
wamenaker,wakil menteri ketenagakerjaan,
unpad,universitas padjajaran,
perundingantarifas,perundingan tarif amerika serikat,
bursasahamas,bursa saham amerika serikat,
permi,permintaan,
forexsignals,sinyal pasar valas,
news,berita,
gabungnya,bergabung,
pdb,Produk Domestik Bruto,
diputuskan,memutuskan,
ekonom,ekonomi,
loka,lokal,
stabilk,stabilkan,
lapan,lapangan,
terasah,berasah,
menyebabka,menyebabkan,
management,manajemen,
aussie,singapura,
elengkapnya,selengkapnya,
bundir,bunuh diri,
gr2,karena,
crita,cerita,
jelekin,menjelekkan,
salh,salah,
bebn,beban,
pngusaha,pengusaha,
mmpengarui,memengaruhi,
setauku,setahuku,
invertas,investasi,
nargetin,menargetkan,
kekhawatirna,kekhawatiran,
tarifbarangimport,tarif barang impor,
mlysia,malaysia,
pej,pejabat,
brief,ringkas,
menaw,menawarkan,
bangk,bangkit,
ngeganti,mengganti,
officia,resmi,
guling-gulingin,bergulingan,
dihalangi,menghalangi,
komiditi,komoditas,
january,januari,
sayin,mengatakan,
dihantui,menghantui,
globalmarkets,pasar global,
perbarelnya,per barelnya,
meli,melindungi,
bricsnya,brics-nya,
ditundanya,tertundanya,
fis,fiskal,
dibenarkan,membenarkan,
gasprices,harga gas,
middle term,jangka menengah,
tergaggu,terganggu,
memperingkatkan,memperingatkan,
zinc,seng,
penganguran,pengangguran,
ngeri2,ngeri,
europe,eropa,
grabik,grafik,
realisasikan,realisasi,
silver,perak,
kocokan,guncangan,
rates,tarif,
indonesiacemas,indonesia cemas,
presidenttrump,presiden trump,
advocacy,advokasi,
ambrok,ambruk,
kekhawati,kekhawatiran,
march,maret,
dibabat,membabat,
biasa2,biasa,
maker,produsen,
makernya,produsennya,
sta,pernyataan,
tekena,terkena,
globl,global,
kmbli,kembali,
mmulai,memulai,
balasn,balasan,
dmpknya,dampaknya,
bahn,bahan,
makn,makan,
crudeoil,minyak mentah,
usoil,minyak amerika,
ukoil,minyak inggris,
blame,menyalahkan,
narrative,narasi,
notabenya,notabenenya,
indonesiaterang,indonesia terang,
hillirisasi,hilirisasi,
kepinteran,kepintaran,
trategi,strategi,
keyword,kata kunci,
program2,program,
koentji,kunci,
sblomnya,sebelumnya,
smeentara,sementara,
haruz,harus,
ausie,australia,
sngat,sangat,
prluasan,perluasan,
corrupt,korupsi,
jogja,yogyakarta,
resprokal,resiprokal,
batrai,baterai,
astagaa,astaga,
menghpus,menghapus,
hnya,hanya,
brisiko,berisiko,
mrosotny,merosotnya,
prtmbuhn,pertumbuhan,
amrk,amerika,
bhkan,bahkan,
investa,investasi,
aslam,asam lambung,
dsana,di sana,
mndorong,mendorong,
fikir,pikir,
soybean,kacang kedelai,
cilaka,celaka,
fake,palsu,
nervous,grogi,
alsanya,alasannya,
alesanya,alasannya,
asuu,asu,
bursamalaysia,bursa malaysia,
ekonomiboykot,ekonomi boikot,
gerogi,grogi,
claim,klaim,
alasanya,alasannya,
kompetit,kompetitor,
keatas,ke atas,
brkata,berkata,
bgitu,begitu,
mngrti,mengerti,
interview,wawancara,
wankawan,kawan-kawan,
tarifdagangtrump,tarif dagang trump,
delegasiekonomi,delegasi ekonomi,
perkonomianmaju,perkonomian maju,
gweh,gue,
investasistrategis,investasi strategis,
negosiasiasean,negosiasi asean,
pasarglobal,pasar global,
ekonomimandiri,ekonomi mandiri,
peluangbisnis,peluang bisnis,
ekonomikuat,ekonomi kuat,
investasiindonesia,investasi indonesia,
peluangemas,peluang emas,
emank,memang,
nilaitukardolar,nilai tukar dolar,
kursmatauang,kurs mata uang,
soalny,karena,
inportir,importir,
approval,persetujuan,
dibikinin,membuatkan,
tjuannya,tujuannya,
niatan,niatnya,
usahannya,usahanya,
improve,memperbaiki,
gobloknya,goblok,
ramai2,ramai,
gajelas,tidak jelas,
berjamji,berjanji,
well,baik,
energibersih,energi bersih,
threaten,mengancam,
remove,hapus,
stronkkkkk,kuat,
ngapus,hapus,
ilangin,hilangkan,
tarifimpor,tarif impor,
mendag,menteri perdagangan,
futures,masa depan,
slm,salam,
proteksionis,proteksionisme,
netapin,menetapkan,
cept,cepat,
direncanain,direncanakan,
consumerism,konsumerisme,
upayain,upayakan,
hfmindonesia,hfm indonesia,
dikorbanin,dikorbankan,
ekonomiglobal,ekonomi global,
gangguin,mengganggu,
dayasaingnasional,daya saing nasional,
salag,salah,
ketdkpastian,ketidakpastian,
pm,perdana menteri,
sinergifiskalperdagangan,sinergi fiskal perdagangan,
ygmembuat,yang membuat,
bermusuh,bermusuhan,
ngaruhh,berpengaruh,
sahabatbpom,sahabat bpom,
ekonomiterjaga,ekonomi terjaga,
source,sumber,
jatim,jawa timur,
gerakin,menggerakkan,
kedepan,ke depan,
force,paksa,
beritaekonomi,berita ekonomi,
airlanggahartarto,airlangga hartarto,
banned,dilarang,
anjrr,anjir,
nahasnya,naasnya,
economic,ekonomis,
ngurusin,mengurusi,
dilatarbelakangi,dilatarbelakangi,
besarkepada,besar kepada,
ngamook,mengamuk,
eksporindonesia,ekspor indonesia,
ekonomiindonesiakuat,ekonomi indonesia kuat,
obligas,obligasi,
thdp,terhadap,
tarifimporãƒâ,tarif impor,
ngebela,membela,
indonesiamaju,indonesia maju,
kepitisan,keputusan,
efekti,efektif,
diem,diam,
satgasphk,satuan tugas phk,
gemparrr,gempar,
shocked,terkejut,
quick response,respons cepat,
srimulyani,sri mulyani,
bijaksanaprabowo,bijaksana prabowo,
negeripemerintah,negeri pemerintah,
sdikit,sedikit,
kpd,kepada,
potens,potensi,
menunjukk,menunjuk,
pilpahitekonomi,pil pahit ekonomi,
neger,negeri pemerintah,
bijimana,bagaimana,
ngatasin,mengatasi,
product,produk,
dayasaingindonesia,daya saing indonesia,
kemitraanstrategis,kemitraan strategis,
kuran,kurang,
kunjungantimtengturkiyeprabowo,kunjungan timur tengah turki prabowo,
trilion,triliun,
ind,indonesia,
nanya,tanya,
economy,ekonomi,
tarifastrump,tarif amerika serikat trump,
tradewar,perang dagang,
kuotaimpor,kuota impor,
panic,panik,
singapore,singapura,
singapur,singapura,
trilyun,triliun,
pemerintahpeduli,pemerintah peduli,
tarip,tarif,
stock,stok,
happy,senang,
nyentuh,menyentuh,
yaaa,ya,
interest,minat,
sahabatekon,sahabat ekonom,
krna,karena,
indonesiatangguh,indonesia tangguh,
mreka,mereka,
presidenprabowo,presiden prabowo,
scr,secara,
naikkin,menaiki,
ngliput,meliput,
sebel,sebal,
effect,efek,
ngancurin,menghancurkan,
orgil,orang gila,
nembak,menembak,
grak,gerak,
fools,bodoh,
uncertainty,ketidakpastian,
worry,khawatir,
anindyabakrie,anindya bakrie,
indonesiagelap,indonesia gelap,
partnya,bagiannya,
sya,saya,
forecast,ramalan,
minute,menit,
tengoklah,lihatlah,
interestrates,suku bunga,
marketupdates,market updates,
financial,finansial,
terbaikuntukindonesia,terbaik untuk indonesia,
tarifresiprokal,tarif resiprokal,
kebijakanekonomi,kebijakan ekonomi,
ilang,hilang,
diplomasiindonesiaamerika,diplomasi indonesia amerika,
ekonomimaju,ekonomi maju,
ekonomitumbuh,ekonomi tumbuh,
silahkan,silakan,
enambulanpemerintah,enam bulan pemerintah,
keliatannya,kelihatannya,
demokratjatim,demokrat jawa timur,
beritaterkini,berita terkini,
tarifas,tarif amerika serikat,
petanisawit,petani sawit,
mangkanya,makanya,
mmg,memang,
indonesiakuat,indonesia kuat,
ngakunya,mengakunya,
ekonominasional,ekonomi nasional,
uangkita,uang kita,
kekuatiran,kekhawatiran,
pemerintahmendengar,pemerintah mendengar,
gerakcepathadapitarifimporas,gerak cepat hadapi tarifi mpor amerika serikat,
indikatorekonomi,indikator ekonomi,
pasarsaham,pasar saham,
dukungswasembadapangan,dukung swasembada pangan,
orng,orang,
buying,membeli,
parcok,partai cokelat,
bnyak,banyak,
prabowosubianto,prabowo subianto,
bullshit,omong kosong,
ceritain,menceritakan,
kenaikkan,kenaikan,
kebijakkan,kebijakan,
oren,oranye,
penjabat,pejabat,
sbnrny,sebenarnya,
sblom,sebelum,
bangkee,bangkai,
asianshares,asian shares,
suarathailand,suara thailand,
trjadi,terjadi,
kontinyu,kontinu,
situasimenarik,situasi menarik,
marketupdate,market update,
ekonomias,ekonomi amerika serikat,
trumpput,trump put,
tarikh,tarik,
terbangkan,menerbangkan,
tutunin,turunkan,
kejepit,terjepit,
terealisasi,terwujud,
keenomian,keekonomian,
yup,iya,
jolts,guncangan,
disambung,menyambungkan,
pertotonkan,mempertotonkan,
konoha,indonesia,
liberationday,liberation day,
gamenya,permainannya,
kokk,kok,
bekalan,perbekalan,
sesetengah,setengah,
ap,apa,
diombng,terombang-ambing,
diperkenal,memperkenalkan,
factory,pabrik,
orders,pesanan,
ditimbun,tertimbun,
yieldnya,hasilnya,
sementar,sementara,
dipikirkan,mempikirkan,
wicky,sumbu,
konsepny,konsepnya,
diomongkan,membicarakan,
announcement,pengumuman,
bergejola,bergejolak,
kuatan,kekuatan,
perlonggaran,kelonggaran,
tanang,tenang,
akirnya,akhirnya,
rill,asli,
lngsng,langsung,
trumppp,trump,
ngejilat,menjilat,
asetmasadepan,aset masa depan,
amsyong,ampun,
mengakuinya,mengakui,
terkat,terkait,
ngecualiin,mengecualikan,
favorite,favorit,
dlu,dulu,
production,produksi,
satunya,satu,
lo,kamu,
tawarkan,menawarkan,
query,pertanyaan,
krisisekonomi,krisis ekonomi,
kadin,kamar dagang dan industri,
bnr,benar,
lgi,lagi,
nuduh,menuduh,
law,hukum,
fee,biaya,
imprtnya,impornya,
menghimbau,mengimbau,
hot,panas,
risk,risiko,
bgsd,bangsat,
dilihat,melihat,
brhasil,berhasil,
critical,kritis,
commerce,perdagangan,
how,bagaimana,
tangani,menangani,
sebnrnya,sebenarnya,
grok,grok,
sda,sumber daya alam,
ditunda,menunda,
of,dari,
ditetapkan,menetapkan,
tu,itu,
cek,periksa,
pro,mendukung,
tunjukkan,menunjukkan,
dipicu,memicu,
omon,omongan,
didorong,terdorong,
imf,dana moneter internasional,
disampaikan,menyampaikan,
diambil,mengambil,
diuntungkan,beruntung,
kurangi,mengurangi,
btc,aset kripto,
diperkirakan,memperkirakan,
dibuka,membuka,
dpr,dewan perwakilan rakyat,
didukung,mendukung,
dibuat,membuat,
dihapus,terhapus,
lindungi,melindungi,
dianggap,menganggap,
bernegosiasi,menegosiasikan,
bi,bank indonesia,
diprediksi,memprediksi,
atasi,mengatasi,
tingkatan,meningkatkan,
perkuat,memperkuat,
diberlakukan,memberlakukan,
sampe,sampai,
dilakukan,melakukan,
diterapkan,menerapkan,
diumumkan,mengumumkan,
pak,bapak,
dikenakan,terkena,
bitcoin,aset kripto,
info,informasi,
on,pada,
gegara,gara-gara,
diminta,memintai,
to,ke,
menurutku,menurut saya,
trading,jual beli,
terkini,kekinian,
diproyeksi,memproyeksikan,
perluas,memperluas,
disebabkan,tersebab,
adlh,adalah,
trs,terus,
wallstreet,wall street,
beritanasional,berita nasional,
jadikan,menjadi,
dekati,mendekati,
dihantam,hantaman,
pastikan,memastikan,
disorot,menyorot,
manfaatkan,memanfaatkan,
disebutkan,menyebutkan,
tegaskan,menegaskan,
dipangkas,pangkas,
dibandingkan,berbanding,
nunjukin,menunjukkan,
ngumumin,mengumumkan,
diekspor,ekspor,
berkomitmen,komitmen,
duluan,dahulu,
berdaya,daya,
lengkapnya,lengkap,
pendukung,dukung,
emg,memang,
nunggu,tunggu,
keluarkan,mengeluarkan,
diturunkan,menurunkan,
diterima,berterima,
dinaikkan,menaikkan,
dijadikan,menjadikan,
diklaim,mengklaim,
dikeluarkan,mengeluarkan,
dibayar,berbayar,
temui,menemui,
soroti,menyoroti,
ditutup,menutup,
ciptakan,menciptakan,
diimpor,mengimpor,
cepa,cepat,
dibagikan,pembagian,
sebabkan,menyebabkan,
bales,balas,
diproduksi,memproduksi,
dipimpin,terpimpin,
kerjaan,pekerjaan,
terburuk,perburuk,
sdm,sumber daya manusia,
diharapkan,harap,
pastinya,memastikan,
dibahas,membahas,
percepat,mempercepat,
dimulai,mulai,
dikirim,terkirim,
for,untuk,
dikurangi,mengurangi,
chain,rantai,
kak,kakak,
untungkan,menguntungkan,
tanggapi,menanggapi,
diganti,berganti,
berikan,memberikan,
reserve,cadangan,
beberkan,membeberkan,
sampaikan,menyampaikan,
world,dunia,
safe,aman,
tarifimporas,tarif impor amerika serikat,
wong,orang,
tetapkan,menetapkan,
good,baik,
berlakukan,memberlakukan,
text,teks,
haven,tempat,
yaa,ya,
digunakan,mempergunakan,
postingan,unggahan,
code,kode,
gunakan,menggunakan,
terlindungi,terlindung,
pengaruhi,memengaruhi,
diperkuat,memperkuat,
dipaksa,terpaksa,
menperin,menteri perindustrian,
targetkan,menargetkan,
real,nyata,
bermasalah,masalah,
ngurus,mengurusi,
temen,teman,
dihitung,terhitung,
jateng,jawa tengah,
sing,yang,
batasi,membatasi,
diberikan,memberikan,
memitigasi,mitigasi,
duitnya,uang,
ajukan,mengajukan,
mencatat,mencatatkan,
dibeli,membeli,
end,akhir,
ngurangin,mengurangi,
ngomongin,membicarakan,
dilonggarkan,memperlonggar,
kemana,ke mana,
ahy,agus harimurti yudhoyono,
mestinya,semestinya,
dikatakan,terkatakan,
naikan,naik,
milyar,miliar,
tax,pajak,
diketahui,mengetahui,
indonesian,indonesia,
tariffwar,perang tarif,
jobs,pekerjaan,
ruu,rancangan undang-undang,
capital,modal,
akui,mengakui,
barrel,barel,
liberation,pembebasan,
diundang,mengundang,
peringatkan,memperingatkan,
kembangkan,mengembangkan,
terintegrasi,berintegrasi,
perbaiki,memperbaiki,
key,kunci,
perintahkan,memerintahi,
biarkan,membiarkan,
hentikan,menghentikan,
dikuasai,menguasai,
track,jalur,
buktikan,membuktikan,
bebaskan,membebaskan,
tekankan,menekankan,
waspadai,mewaspadai,
dibiarkan,membiarkan,
ditawarkan,menawarkan,
adakah,ada,
dibagi,membagi,
tech,teknologi,
kesiapan,bersiap,
sebulan,bulan,
digertak,menggertak,
dikit2,sedikit,
dipakai,memakai,
center,pusat,
esdm,energi dan sumber daya mineral,
kementan,kementerian pertanian,
nonton,tonton,
crude,mentah,
diikuti,ikutan,
dikelola,terkelola,
gilaan,kegilaan,
dibutuhkan,membutuhkan,
over,melebihi,
dipersulit,mempersulit,
problem,masalah,
diusulkan,mengusulkan,
disuruh,suruhan,
mamarika,amerika,
masukin,memasukkan,
boss,bos,
dipotong,terpotong,
nyambung,menyambung,
diduga,dugaan,
time,waktu,
halt,berhenti,
may,mei,
dihadapi,menghadapi,
sobat,teman,
optimalkan,mengoptimalkan,
diberi,memberi,
ditanggung,menanggung,
markup,peningkatan harga,
elit,elite,
dihilangkan,menghilangkan,
permudah,mempermudah,
ditahan,menahan,
capek,cape,
selesaikan,menyelesaikan,
direncanakan,merencanakan,
pelonggaran,kelonggaran,
omong,omongan,
terukur,seukur,
ngotak,berpikir,
dijalankan,menjalankan,
ditekan,menekan,
keliatan,kelihatan,
dibebankan,membebankan,
dibawa,membawa,
dibilang,bilang,
dikira,mengira,
next,selanjutnya,
pertimbangkan,mempertimbangkan,
denger,dengar,
dibalas,membalas,
blunder,kecerobohan,
diajak,mengajak,
sir,tuan,
gulung,membelit,
menutupi,tutup,
ditangani,tangani,
tercatat,catat,
diselesaikan,terselesaikan,
dilunasin,melunaskan,
ketinggalan,tertinggal,
singkatnya,singkat,
pahami,memahami,
abaikan,mengabaikan,
disiapkan,menyiapkan,
pertahankan,mempertahankan,
profit,keuntungan,
perlambat,melambatkan,
diatasi,mengatasi,
dibanjiri,membanjiri,
dipahami,terpahami,
ngadepin,menghadapi,
dilepas,melepas,
terapin,menerapkan,
dikritik,mengkritik,
bisnisupdate,bisnis update,
detikfinance,detik finance,
analisaforex,analisa forex,
seputarforex,seputar forex,
kabarforex,kabar forex,
artikelforex,artikel forex,
beritaforex,berita forex,
tradingforex,trading forex,
traderindonesia,trader indonesia,
peluangtrading,peluang trading,
inget,ingat,
asset,aset,
antri,antre,
they,mereka,
emak,mak,
pov,sudut pandang,
indonesiaemas,indonesia emas,
segini,sebegini,
pulak,pula,
local,lokal,
mostly,kebanyakan,
high,tinggi,
loe,kamu,
jugak,juga,
development,pengembangan,
link,tautan,
kenain,kenakan,
impact,dampak,
american,amerika,
idul fitri,idulfitri,
institute,institut,
kerana,karena,
nahan,tahan,
trend,tren,
hallo,halo,
videoberita,video berita,
social,sosial,
adl,adalah,
card,kartu,
hadapin,menghadapi,
macro,makro,
canada,kanada,
inflation,inflasi,
group,grup,
legislative,legislatif,
prancis,perancis,
beritaekon,berita ekon,
caption,keterangan,
benar2,benar,
corner,sudut,
keluarin,mengeluarkan,
nothing,tidak ada,
prab,prabowo,
have,memiliki,
infopajak,info pajak,
trumptarrifs,tarif trump,
coretax,pajak penghasilan,
sharing,berbagi,
ngikut,mengikuti,
emangnya,memangnya,
jdnya,jadinya,
hong kong,hongkong,
jawatimur,jawa timur,
mindset,pola pikir,
warning,peringatan,
bwt,untuk,
timteng,timur tengah,
ustariff,tarif amerika serikat,
ngaku,mengakui,
pura2,pura,
ugal ugalan,kebut,
indone,indonesia,
nunda,menunda,
brp,berapa,
biarin,biarkan,
tgl,tanggal,
berbondong bondong,berbondong-bondong,
secretary,sekretaris,
intelijen,inteligen,
capres,calon presiden,
terlanjur,telanjur,
cryptocurrency,crypto currency,
dolaras,dolar amerika serikat,
trumpeffect,dampak trump,
nyanyi,menyanyi,
ngitung,menghitung,
stabilin,stabilkan,
beritapasar,berita pasar,
ekonomilaju,ekonomi laju,
national,nasional,
ayodagang,ayo dagang,
dagangnews,dagang news,
bisnes,bisnis,
nampaknya,tampaknya,
inves,investasi,
otorita,otoritas,
bravo,bagus sekali,
indonesi,indonesia,
nitip,menitip,
free,gratis,
nurutin,menuruti,
diminimalisir,diminimalisasi,
seluas luasnya,seluas-luasnya,
karen,karena,
cuba,coba,
sblm,sebelum,
bcs,karena,
illegal,ilegal,
coklat,cokelat,
soale,soalnya,
bantuin,membantu,
aneh2,aneh,
napa,kenapa,
lain2,lain,
bargain,menawarkan,
you,kamu,
deficit,defisit,
power,kekuatan,
ikutin,mengikuti,
blom,belum,
dibales,dibalas,
muji,memuji,
sorang,seorang,
industri2,industri,
please,tolong,
kesel,kesal,
kebawah,ke bawah,
ngebales,membalas,
diterapin,diterapkan,
beresiko,berisiko,
inflas,inflasi,
fast,cepat,
sparepart,spare part,
dipajakin,dipajakkan,
dimurahin,diturunkan harganya,
nda,tidak,
musti,mesti,
maksain,memaksakan,
cth,contoh,
ane,saya,
indonesiakokoh,indonesia kokoh,
comment,komentar,
california,kalifornia,
kuatir,khawatir,
barusan,baru saja,
nampung,menampung,
kbijakan,kebijakan,
composite,gabungan,
dolarhariini,dolar hari ini,
rebu,ribu,
nilaitukarrupiah,nilai tukar rupiah,
tuk,untuk,
nnti,nanti,
toxic,racun,
crazy,gila,
about,tentang,
greget,gereget,
focus,fokus,
nanggepin,menaggapi,
energy,energi,
siapin,siapkan,
escalasi,eskalasi,
agreement,perjanjian,
infografik,info grafik,
jing,anjing,
perekonomianmaju,perekonomian maju,
anu,itu,
radarjabar,radar jawa barat,
tarifdagang,tarif dagang,
price,harga,
special,spesial,
ekono,ekonomi,
mesyuarat,rapat,
terjejas,terdampak,
jepun,jepang,
telefon,telepon,
strategy,strategi,
diumumin,diumumkan,
sikapi,menyikapi,
what,apa,
tarifresiprokalas,tarif resiprokal amerika serikat,
hubunganinternasional,hubungan internasional,
eksporimpor,ekspor impor,
devisit,defisit,
resist,melawan,
wait,tunggu,
see,lihat,
luxury,mahal,
bonds,obligasi,
blak blakan,blak-blakan,
ditakutin,ditakutkan,
nyerang,menyerang,
mengembalikan,mengembalikkan,
knpa,kenapa,
lgsg,langsung,
care,peduli,
nulis,menulis,
banyak2,banyak,
astaga,astaghfirullah,
makasih,terima kasih,
nongol,muncul,
alih2,alih,
nyenggol2,senggol,
bunuh2an,bunuh,
rame2,ramai,
jeblogggg,jeblok,
guling2an,guling,
ngekritik,mengkritik,
carmuk,cari muka,
kuatin,menguatkan,
orkay,orang kaya,
digratisim,digratiskan,
banyk,banyak,
electric,elektrik,
sangat2,sangat,
tenagakerja,tenaga kerja,
barangekspor,barang ekspor,
pembamtu,pembantu,
ling lung,linglung,
perekonomianri,perekonomian ri,
negosiasiindonesiaas,negosiasi indonesia amerika serikat,
psti,pasti,
pikir2,berpikir,
bavvang,bawang,
calo2,calo,
dimahalin,dimahalkan,
thn,tahun,
golkarsolid,golkar solid,
tingkatin,meningkatkan,
policy,kebijakan,
permendag,peraturan menteri perdagangan,
kemenperin,kementerian perindustrian,
kemenko,kementerian koordinator bidang perekonomian,
ngegas,emosional,
aninbakrie,anin bakrie,
ketuaumumkadinindonesia,ketua umum kadin indonesia,
unieropa,uni eropa,
mafiatanahbelitung,mafia tanah belitung,
tradingemas,trading emas,
dprri,dewan perwakilan rakyat republik indonesia,
gaess,teman-teman,
maksudku,maksud saya,
you,kamu,
beritasawit,berita sawit,
infosawitcom,info sawit com,
infosawit,info sawit,
negaramu,negara kamu,
frustrasimu,frustrasi kamu,
krismon,krisis moneter,
yapping,ngomong terus,
sale,penjualan,
wamendag,wakil menteri perdagangan,
vote,pemungutan suara,
headline,judul,
imp,impor,
pasan,cukup,
cash,tunai,
bye,sampai jumpa,
kemlu,kementerian luar negeri,
yth,yang terhormat,
pemprov,pemerintah provinsi,
explains,menjelaskan,
seluas2nya,luas,
distop,disetop,
lebi,lebih,
ketidakpast,ketidakpastian,
bapanas,badan pangan nasional,
turns,putaran,
pricing,penetapan harga,
doank,doang,
bgtu,begitu,
diilangin,dihilangkan,
mumet,stres,
gila2,gila,
baju2,baju,
handal,andal,
diancem,diancam,
action,tindakan,
idup,hidup,
reseller,pengecer,
komoditasekspor,komoditas ekspor,
sahabatkebun,sahabat kebun,
beakeluar,bea keluar,
ormas2,organisasi masyarakat,
bikinan,buatan,
trum,trump,
pajakuntukkita,pajak untuk kita,
pinjem,pinjam,
kedele,kedelai,
again,lagi,
kongkalingkong,kerja sama,
mahalin,mahalkan,
airlanggahartanto,airlangga hartanto,
products,produk,
ngajak,mengajak,
perangi,memerangi,
gmana,bagaimana,
electoral,pemilu,
codenya,kodenya,
nawarin,menawarkan,
existing,yang ada,
nambal,tambal,
indonesiahebat,indonesia hebat,
jauh2,jauh,
denga,dengan,
baran,barang,
sebenar,sebenarnya,
pekerj,pekerjaan,
biay,biaya,
bandingin,bandingkan,
freelance,pekerja lepas,
pdhal,padahal,
usahain,usahakan,
supplai,suplai,
gapapa,tidak apa-apa,
brrti,berarti,
follow,ikuti,
gapernah,tidak pernah,
ktika,ketika,
ngerasain,merasakan,
ngrusak,merusak,
prefer,lebih memilih,
ngimpor,mengimpor,
brang,barang,
diberesin,dibereskan,
mcm,macam,
krupuk,kerupuk,
sistemik,sistemis,
terkoreksi,diperbaiki,
ngimbangin,mengimbangi,
votersnya,pemilihnya,
kynya,sepertinya,
confidance,kepercayaan,
skalipun,sekalipun,
lose,kalah,
nutupin,menutupi,
mengcover,menutupi,
imported,diimpor,
nyindir,menyindir,
ramadhan,ramadan,
keteranganmu,keterangan kamu,
belain,membela,
dmn,di mana,
pmrth,pemerintah,
monday,senin,
penerapakan,menerapkan,
percentagenya,persentasenya,
prbw,prabowo,
jubir,juru bicara,
inflationary,inflasi,
nyikapi,menyikapi,
ngeberesin,membereskan,
minerals,mineral,
brusaha,berusaha,
bsr,besar,
tsla,tesla,
consumer,konsumen,
kayaknga,sepertinya,
fantasy,fantasi,
beirtanasional,berita nasional,
kementerianluarnegeri,kementerian luar negeri,
partaidemokrat,partai demokrat,
wasekjen,wakil sekretaris jenderal,
dianggep,dianggap,
ngadepi,menghadapi,
permasalahin,memasalahkan,
puterikomarudin,puteri komarudin,
smpai,sampai,
dtg,datang,
ngelirik,melirik,
thx,terima kasih,
pke,pakai,
pulangny,pulangnya,
bner,benar,
elonmusk,elon musk,
conference,konferensi,
create,buat,
mayah2,marah,
pietnam,vietnam,
edan2an,gila,
ngomel,mengomel,
membaraaaa,membara,
yakalo,ya kalau,
mulangin,memulangkan,
lwt,lewat,
wlopn,walaupun,
nyenengin,menyenangkan,
gelapp,gelap,
gelaaapp,gelap,
batre,baterai,
berfikirlah,berpikir,
reformasiperizinan,reformasi perizinan,
kamaren,kemarin,
aamiin,amin,
kesitu,ke sana,
hadehhhhhh,aduh,
ngedarin,mengedarkan,
jakart,jakarta,
launching,peluncuran,
improve,perbaiki,
cmn,cuma,
sellernya,penjualnya,
enforcement,penegakan,
hadeuh,aduh,
taaaiii,tahi,
mnding,mending,
predicted,diprediksi,
amriki,amerika,
donaldjtrump,donald trump,
obligas,obligasi,
khusu,khusus,
diplom,diplomasi,
ailangga,airlangga,
kalopun,kalaupun,
now,sekarang,
dipertinbangkan,dipertimbangkan,
uwow,wow,
taruf,tarif,
moga2,moga,
exportnya,ekspornya,
fifty2,seimbang,
wew,wow,
reply,jawab,
note,catatan,
menkomdigi,kementerian komunikasi dan digital,
leading,memimpin,
consession,konsesi,
unbalanced,tidak seimbang,
shippingnya,pengirimannya,
necessary,diperlukan,
offer,menawarkan,
somehow,entah bagaimana,
wapresnya,wakil presidennya,
danjadi,dan jadi,
tergesa2,buru,
wajibin,mewajibkan,
flexible,fleksibel,
bebassss,bebas,
sebebasss,sebebas,
bebasss,bebas,
wamen,wakil menteri,
downplay,menurunkan nilai,
menyindri,menyindir,
mutusin,memutuskan,
kehati2an,hati,
accord,kesepakatan,
ofc,tentu saja,
consesus,kesepakatan,
marathon,maraton,
common,umum,
download,unduh,
council,dewan,
ngebet,berambisi,
masukkin,memasukkan,
bnr,benar,
misslead,menyesatkan,
koreah,korea,
opinitempo,opini tempo,
nontariffbarrier,hambatan nontarif,
deregulasiekonomi,deregulasi ekonomi,
anggep,anggap,
follower,pengikut,
nyepongin,antek,
overreact,bereaksi berlebihan,
bahli,bahlil,
selangkapnya,selengkapnya,
watchlist,daftar pantauan,
iykyk,"kalau kamu tahu, kamu tahu",
solved,telah diselesaikan,
gabakak,tidak akan,
maksudmu,maksud kamu,
entry,entri,
overshoot,melebihi target,
domestic,domestik,
cawe2,intervensi,
vallas,valas,
dollarnya,dolar,
nyangka,menyangka,
miliki,memiliki,
indonesaaah,indonesia,
melampau,melampaui,
nyungseeep,terpuruk,
1rupiahberapadolar,1 rupiah berapa dolar,
curency,mata uang,
revolving,berputar,
klagapan,gelagapan,
peswat,pesawat,
indoneaia,indonesia,
takan,tidak akan,
nyampah,menyampah,
ketahan,tertahan,
kontener,kontainer,
buru2,buru,
bangetttt,sekali,
diliat2,dilihat,
nipunya,menipunya,
blak2an,blak,
divesifikasi,diversifikasi,
disversifikasi,diversifikasi,
disverfikasi,diversifikasi,
netralin,menetralkan,
menuhi,memenuhi,
malahntidqk,malah tidak,
jqdi,jadi,
perdaganga,perdagangan,
terhad,terhadap,
kbutuhan,kebutuhan,
hapernah,tidak pernah,
ekonomiuntukrakyat,ekonomi untuk rakyat,
dukungindonesia,dukung indonesia,
ustarif,tarif amerika,
pmjepang,perdana menteri jepang,
lamaa,lama,
drimana,dari mana,
penyediyaan,penyediaan,
madeinusa,diproduksi di amerika,
komditi,komoditas,
aplg,apalagi,
slama,selama,
pemimpin2,pemimpin,
kgak,tidak,
adek2,adik,
ngirit,mengirit,
berbeda2,berbeda,
mungk,mungkin,
minmal,minimal,
mendoron,mendorong,
pagiii,pagi,
investasiasing,investasi asing,
daridaerahuntukindonesia,dari daerah untuk indonesia,
sononya,sananya,
apbnkita,anggaran pendapatan belanja negara kita,
ngehoaks,memberi hoaks,
intinyadeh,intinya deh,
mata2,mata,
taruff,tarif,
tulung,tolong,
nyulitin,menyulitkan,
prihal,perihal,
pajakastrump,pajak amerika trump,
nggakcumahorehore,tidak hanya hore-hore,
pajakglobal,pajak global,
disimpulin,disimpulkan,
kalean,kalian,
semerawut,semrawut,
elktronik,elektronik,
mbludak,membeludak,
kompetetif,kompetitif,
cra,cara,
trmasuk,termasuk,
sempitin,menyempitkan,
footwear,sepatu,
abowo,prabowo,
alihin,mengalihkan,
meningkatmenghadapi,meningkat menghadapi,
apre,apresiasi,
ekonomidigital,ekonomi digital,
impornaikharganaik,impor naik harga naik,
dampakglobal,dampak global,
beritahariini,berita hari ini,
lobian,melobi,
waah,wah,
ngeekspor,mengekspor,
ngefasilitiasin,memfasilitasi,
ngusir,mengusir,
ekonomiindonesiatangguh,ekonomi indonesia tangguh,
solusiekonomiindonesia,solusi ekonomi indonesia,
eksporsawit,ekspor sawit,
strategisawitri,strategi sawit republik indonesia,
susahin,menyusahkan,
nendang,tendang,
kemanain,ke manakan,
begituuuuuu,begitu,
maksimalin,memaksimalkan,
inpor,impor,
realisti,realistis,
assessment,penilaian,
ngindarin,menghindari,
fucking,sialan,
diperlakukn,diperlakukan,
dinaikkn,dinaikkan,
trgantung,tergantung,
profuk,produk,
jstru,justru,
trsaing,tersaing,
owner,pemilik,
memutuaskan,memutuskan,
digedein,dibesarkan,
taxnya,pajaknya,
mrka,mereka,
consumers,konsumen,
demen,suka,
kebijakantepatekonomikokoh,kebijakan tepat ekonomi kokoh,
diamerika,di amerika,
meningkatakan,meningkatkan,
imfor,impor,
disiapin,menyiapkan,
banjirny,banjirnya,
efekny,efeknya,
ngebunuh,membunuh,
wooi,hai,
brarti,berarti,
dirty,kotor,
ngolah,mengolah,
kebijakantarifimportrump,kebijakan tarif impor trump,
bisnisglobal,bisnis global,
goverment,pemerintah,
libatin,melibatkan,
ogah2an,malas,
liberationtariffs,tarif pembebasan,
kebijakanperdagangan,kebijakan perdagangan,
meneken,menekan,
kiss,cium,
times,waktu,
ngeklaim,mengklaim,
rendahin,merendahkan,
negosiasiinternasional,negosiasi internasional,
hindarin,menghindari,
indonesiausa,indonesia amerika,
obati,mengobati,
wargagaza,warga gaza,
teryata,tenyata,
ngejilaat,menjilat,
bukn,bukan,
ngitungnya,menghitungnya,
untk,untuk,
hathaway,jalur,
officially,secara resmi,
lokasilasi,lokalisasi,
indonesah,indonesia,
bangsad,bangsat,
kupingnya,telinga,
genocide,genosida,
trusan,terusan,
bagaimama,bagaimana,
kno,mengapa,
pgusaha,pengusaha,
triak2,teriak,
yues,amerika serikat,
indonesie,indonesia,
pasar2,pasar,
kna,kena,
mknan,makanan,
smuanya,semuanya,
ntah,entah,
eksporudang,ekspor udang,
acak2an,berantakan,
pembangunanekonomi,pembangunan ekonomi,
sdamaju,sumber daya alam maju,
rontoook,rontok,
ohiya,oh iya,
ngomul,berbicara terus,
globalstrategi,global strategi,
salute,salut,
kuatmenghadapi,kuat menghadapi,
tarif2,tarif,
milyaran,miliaran,
mpor,impor,
slah,salah,
nflasi,inflasi,
apkah,apakah,
mematikn,mematikan,
fucked,sialan,
dipikirin,dipikirkan,
ndasmu,omong kosong,
seenak,seenaknya,
business,bisnis,
call,panggilan,
palmoil,minyak sawit,
live,langsung,
back,kembali,
money,uang,
libatkan,melibatkan,
banjiri,membanjiri,
setujui,menyetujui,
maksimalkan,memaksimalkan,
mhs,mahasiswa,
dprd,daripada,
show,tampilkan,
posting,unggah,
respect,hormat,
prabowogibran,prabowo gibran,
ngegoblokin,goblok,
indones,indonesia,
amrikiyah,amerika serikat,
ngerusak,merusak,
mendiversifikasi,diversifikasi,
kenceng,kencang,
sekolahbisnis,sekolah bisnis,
pdemokrat,partai demokrat,
pungutanekspor,pungutan ekspor,
seksama,saksama,
klw,kalau,
konyol,lucu,
uea,uni emirat arab,
realita,realitas,
bahlul,bahlil,
billion,miliar,
ketum,ketua umum,
cont,contoh,
diliat,dilihat,
investment,investasi,
direct,langsung,
open,buka,
sport,olahraga,
terdiversifikasi,diversifikasi,
sekjen,sekretaris jenderal,
estimate,estimasi,
volatile,volatil,
black,hitam,
switch,saklar,
supplyer,suplier,
umkn,umkm,
highlight,sorot,
years,tahun,
resource,sumber,
neg,negosiasi,
disitu,di situ,
check,periksa,
changer,pengganti,
ndiri,sendiri,
boleh2,boleh,
thrift,hemat,
pabrik2,pabrik,
males,malas,
wamentan,wakil menteri pertanian,
ahkir,akhir,
statemen,pernyataan,
perda,perdagangan,
perush,perusahaan,
fuck,sialan,
countries,negara-negara,
customs,bea cukai,
kanwilbeacukai,kanwil bea cukai,
nyakitin,menyakiti,
nikmatin,menikmati,
segampang,semudah,
besar2,besar,
gtw,tidak tahu,
service,layanan,
disclosure,pengungkapan,
grade,kelas,
viet,vietnam,
supplier,pemasok,
scan,pindai,
exit,keluar,
section,bagian,
store,toko,
anjerr,anjir,
resikonya,risiko,
prodak,produk,
invoice,faktur,
merka,mereka,
kadinindonesia,kadin indonesia,
caper,cari perhatian,
pakek,pakai,
credit,kredit,
tekstik,tekstil,
trlalu,terlalu,
safehaven,tempat aman,
wktu,waktu,
wakilin,mewakili,
nyebelin,menyebalkan,
ekonomiindonesiatumbuh,ekonomi indonesia tumbuh,
menterikeuangan,menteri keuangan,
kalsel,kalimantan selatan,
education,edukasi,
pajakekspor,pajak ekspor,
coin,koin,
negotiate,negosiasi,
samasekali,sama sekali,
smakin,semakin,
error,eror,
taik,tahi,
kursrupiah,kurs rupiah,
perdaganganglobal,perdagangan global,
hargaemas,harga emas,
mknya,makanya,
disikapi,menyikapi,
industritekstil,industri tekstil,
nguatin,menguatkan,
brazil,brasil,
essentials,esensial,
ekpor,ekspor,
diplomacy,diplomasi,
dijadiin,dijadikan,
simple,simpel,
average,rata-rata,
tbtb,tiba-tiba,
surpl,surplus,
employment,pekerjaan,
mngkin,mungkin,
warlok,warga lokal,
mkny,makanya,
akamsi,anak kampung sini,
year,tahun,
uga,juga,
asbun,asal bunyi,
selling,penjualan,
datengin,mendatangkan,
pikirkin,pikir,
perdaganganinternasional,perdagangan internasional,
diplomasibisnis,diplomasi bisnis,
ekspormanufaktur,ekspor manufaktur,
seimbangin,seimbangkan,
strategiprabowo,strategi prabowo,
ekonomitangguh,ekonomi tangguh,
haii,hai,
sukubunga,suku bunga,
loby,lobi,
cegahphkmassal,cegah phk massal,
ngusulin,mengusulkan,
kyknya,sepertinya,
sndiri,sendiri,
kebijkan,kebijakan,
sjak,sejak,
sosmed,sosial media,
kouta,kuota,
innovasi,inovasi,
start,mulai,
kesian,kasihan,
announce,pengumuman,
pasa,pasar,
dagan,dagang,
protect,proteksionisme,
pajk,pajak,
infla,inflasi,
faskes,fasilitas kesehatan,
njaga,menjaga,
sgp,singapura,
bad,buruk,
pda,pada,
habis2an,habis,
beginii,begini,
ngelobi,melobi,
boong,bohong,
nurunkan,turunkan,
pejaba,pejabat,
urusannye,urusannya,
rkyat,rakyat,
selamgit,selangit,
tawarka,tawarkan,
impor2an,impor,
gaperlu,tidak perlu,
smntr,sementara,
mnjd,menjadi,
bpk,bapak,
taiiiiiiiii,tahi,
impactnya,dampaknya,
malas2an,malas,
konfeksi,konveksi,
gedek,kesal,
shrsnya,seharusnya,
jmlh,jumlah,
seruanpetani,seruan petani,
hdup,hidup,
jdkan,jadikan,
republic,republik,
mngijinkan,mengizinkan,
pointnya,poinnya,
sdgnkan,sedangkan,
kiprahbahlil,kiprah bahlil,
diindonesia,di indonesia,
bangsat2,bangsat,
duuuhhhhhhhhhh,aduh,
bersamabareng,bersama bareng,
ekonomin,ekonominya,
commodity,komoditas,
nyusul,menyusul,
hutangan,utang,
lepasin,melepaskan,
rakya,rakyat,
penghapusantarifimpor,penghapusan tarif impor,
swasembadapangan,swasembada pangan,
kebijakanpresiden,kebijakan presiden,
minggat,pergi,
invetor,investor,
nyuratin,menyurati,
kmungkinan,kemungkinan,
stelah,setelah,
indonesiaketahananpangan,indonesia ketahanan pangan,
kedaulatanpangan,kedaulatan pangan,
gimaneee,bagaimana,
nyingkirin,menyingkirkan,
ngungsi,mengungsi,
dpleset2,dipelesetkan,
perangmodern,perang modern,
konsu,konsumen,
reformasiekonomi,reformasi ekonomi,
hapuskuotaimpor,hapus kuota impor,
wargan,warganya,
gpblok,goblok,
prakteknya,praktiknya,
buktinye,buktinya,
raja2,raja,
penghapusankuotaimpor,penghapusan kuota impor,
dilapangan,di lapangan,
strategiekonomi,strategi ekonomi,
strateg,strategi,
rejim,rezim,
produkbaja,produk baja,
ngbuka,membuka,
jndonesia,indonesia,
mateng,matang,
ngedongkrak,mendongkrak,
jln,jalan,
bhkn,bahkan,
buibu,ibu-ibu,
iniiii,ini,
sbelum,sebelum,
menurutbsy,menurut saya,
efisienshit,efisiensi,
syulit,sulit,
benerrr,benar,
impir,impor,
suplay,suplai,
bnrn,beneran,
yaallah,ya allah,
respond,respons,
negotiation,negosiasi,
mdis,medis,
slow,santai,
bebasin,bebaskan,
pertek,peraturan teknis,
managemen,manajemen,
diframing,dibingkai,
produktifitas,produktivitas,
kebayang,terbayang,
think,pikir,
maybe,mungkin,
idea,ide,
dirut,direktur utama,
pemerentah,pemerintah,
gov,pemerintah,
waste,sampah,
nantang,menantang,
pride,bangga,
nunduk,menunduk,
need,butuh,
shit,tahi,
penyeludupan,penyelundupan,
mevvah,mewah,
ajaplis,saja tolong,
sedihh,sedih,
semikon,semikonduktor,
barangservis,barang servis,
samsek,sama sekali,
brisik,berisik,
disusulin,menyusuli,
jauhhhhhh,jauh,
entire,seluruh,
shipping,pengiriman,
votes,suara,
banget,sekali,
kucing-kucing,kucing,
ikan-ikan,ikan,
prlu,perlu,
sambel,sambal,
dipromosiin,dipromosikan,
pertama-tama,pertama,
nyentil,menyentil,
democracy,demokrasi,
nangis-nangis,menangis,
duitny,uangnya,
nohhh,itu,
melemahstagnan,melemah stagnanansi,
jawabjelaskan,jawab jelaskan,
buahn,buang,
nelpon,menelepon,
politikekonomi,politik ekonomi,
chinaproduksi,cina produksi,
tikarpenganggurangangguan,tikar pengangguran gangguan,
turunrugi,turun rugi,
kumpulin,mengumpulkan,
buruhpekerja,buruh pekerja,
ngantrinya,mengantre,
akamsiwarlok,anak kampung sini warga lokal,
berhasilsukses,berhasil sukses,
timses,tim sukses,
meyampaikan,menyampaikan,
maksimal-minimal ,maksimal minimal,
indonesiavisi,indonesia visi,
imporblanja,impor belanja,
dibebanin,dibebankan,
restobarang,resto barang,
gass,gas,
dipersulitbikin,mempersulit buat,
diijinin,diizinkan,
brngsk,brengsek,
apaannsihhh,apa sih,
kwuntull,kontol,
amerikaindonesia,amerika indonesia,
nasionalinternasional,nasional internasional,
consequences,konsekuensi,
perdag,perdagangan,
taian,tahi,
dikurangikerugian,mengurangi kerugian,
wkt,waktu,
tercintjah,tercinta,
aduuuuhhh,aduh,
hillirisasidanantara,hilirisasi danantara,
sajaartinya,saja artinya,
investnya,investasinya,
berinvest,investasi,
safeheavn,tempat aman,
ngetawain,menertawakan,
triak,teriak,
produksikebutuhan,produksi kebutuhan,
dirimengembangkan,diri mengembangkan,
bersangkutanhampir,bersangkutan hampir,
presidendilepas,presiden lepas,
jutabln,juta bulan,
tentarapasukan,tentara pasukan,
dikit,sedikit,
korupsilebih,korupsi lebih,
suplier,pemasok,
perantaranegosiator,perantara negosiator,
nyebut,menyebutkan,
collection,koleksi,
pedes,pedas,
mixed,campur,
diambik,mengambil,
baper,bawa perasaan,
cuplik,cuplikan,
enggak,tidak,
sebener,sebenarnya,
cuplik,cuplikan,
cermatkebijakan,cermat kebijakan,
ategi,strategi,
lutcyu,lucu,
gawattttpukulan,gawat pukulan,
terjerembab,terjerumus,
astagangibulnya,astaga bohong,
dikhawtirkan,khawatir,
kras,keras,
gede,besar,
msuk,masuk,
pnya,punya,
balek,balik,
pedomannyadiversifikasi,pedomannya diversifikasi,
lahhh,aduh,
aja,saja,
mledak,meledak,
baranikel,bara nikel,
hahahahaimpor,hahahaha impor,
melemahnaik,melemah naik,
down,turun,
chinaas,cina amerika,
buruhpabrik,buruh pabrik,
wamenkeu,wakil menteri keuangan,
imporekspor,impor ekspor,
teka-teki,teka teki,
reciprocaltimbal,timbal balik,
gimmick,bohongan,
proseshasil,proses hasil,
prabsdiancem,prabowo diancam,
minyakbatu,minyak batu,
prabowotrump,prabowo trump,
indonesiakita,indonesia kita,
fyi,sebagai informasi,
ngelakuin,melakukan,
dolarrupiah,dolar rupiah,
importnya,impornya,
kissing,mencium,
view,melihat,
oom,om,
joke,bercanda,
dibandingin,dibandingkan,
off,mati,
indonesiamalaysia,indonesia malaysia,
bottom,di bawah,
kanadameksiko,kanada meksiko,
ihsgrupiah,ihsg rupiah,
pajakin,pajak,
rakyatmhs,rakyat mahasiswa,
my,saya,
ngefek,berefek,
mensesneg,menteri sekretaris negara,
asiaeropa,asia eropa,
opening,pembukaan,
porto,portofolio,
dok,dokter,
buy,membeli,
dpn,depan,
part,bagian,
exclusive,langsung,
jangk,jangka,
airlanggaluhut,airlangga luhut,
very,sangat,
ngejelasin,menjelaskan,
indonesiapemimpin,indonesia pemimpin,
menambahakan,menambahkan,
tawarin,menawarkan,
jobb,pekerjaan,
enggan,tidak,
nanyain,menanyakan,
tenangin,menenangkan,
mindahin,memindahkan,
anjlokinflasi,anjlok inflasi,
tembagaemas,tembaga emas,
surplusekspor,surplus ekspor,
nontariff,nontarif,
growth,bertumbuh,
waiting,menunggu,
pengeksport,pengekspor,
indopasifik,indonesia pasifik,
bernego,negosiasi,
trategilangkah,strategi langkah,
skg,sekarang,
cream,krim,
importnya,impornya,
sekolahin,menyekolahkan,
antitrump,anti trump,
ngaruhnya,pengaruhnya,
menengahbawah,menengah bawah,
wduhhh,waduh,
nyorotin,menyoroti,
minyaklpg,minyak lpg,
trumpkalah,trump kalah,
jatuhin,menjatuhkan,
ngebahas,membahas,
barangckckckckckck,barang ckckckckckck,
beliii,beli,
unt,untuk,
besarklo,besar kalau,
rakyak,rakyat,
tergangguphk,terganggu phk,
kabijakan,kebijakan,
tersendak,tersedak,
keseluruhannyaakumulasi,keseluruhannya akumulasi,
pacific,pasifik,
pemrenta,pemerintah,
trumpharus,trump harus,
aschina,amerika serikat china,
street,jalan,
beneran,benar,
wowo,prabowo,
indonesiaas,indonesia amerika serikat,
first,pertama,
pabrikan,pabrik,
benerbener,benar-benar,
ketidakstabilan,tidak stabil,
trilium,triliun,
makroekonomi,makro ekonomi,
losses,kerugian,
loss,kerugian,
outflow,arus keluar,
ketidakseimbangan,tidak seimbang,
astiongkok,amerika serikat tiongkok,
max,maksimal,
hold,tunda,
food,makanan,
antitarif,anti tarif,
hopeless,putus asa,
trumo,trump,
kebij,kebijakan,
energiagrikultur,energi agrikultur,
effeknya,dampaknya,
tapiii,tetapi,
barangjasa,barang jasa,
new,baru,
response,respons,
quick,cepat,
ascina,amerika serikat cina,
wni,warga negara indonesia,
points,poin,
ribet,sulit,
paja,pajak,
asindonesia,amerika serikat indonesia,
sikeras,keras,
trumps,trump,
nkri,negara kesatuan republik indonesia,
jkt,jakarta,
eko,ekonomi,
untun,untung,
dikenain,terkena,
flight,penerbangan,
puter,putar,
lpgminyak,lpg minyak,
ekonomipolitik,ekonomi politik,
goncang,guncang,
indonesiaamerika,indonesia amerika,
menaggapi,tanggap,
tarrifs,tarif,
biayain,biaya,
bebasaktif,bebas aktif,
hutangnya,utang,
hadang,adang,
barang-barang,barang,
college,perguruan tinggi,
kenalin,perkenalkan,
expected,diperkirakan,
random,acak,
maks,maksimal,
paid,bayar,
endingnya,akhirnya,
marjin,margin,
indooo,indonesia,
bangett,sekali,
iyaaa,iya,
indonyaaa,indonesia,
calculate,hitung,
triliuan,triliunan,
always,selalu,
skr,sekarang,
harganyaa,harganya,
pelabuhanya,pelabuhan,
tonthn,ton tahun,
jugaserba,juga serba,
gblk,goblok,
kta,kita,
tain,tahinya,
ngedumelin,memarahi,
klimpungan,kebingungan,
pejabit,pejabat,
pebirsah,pemirsa,
mempertotonkan,mempertontonkan,
mureeh,murah,
ngumpulin,mengumpulkan,
dsiniklo,di sini kalau,
negeritkdn,negeri tkdn,
sekiannn,sekian,
vietnamwlopn,vietnam walaupun,
ngurangainngilangin,mengurangi hilangkan,
amerikalo,amerika kalau,
kotolo,kontol,
bjirrr,anjir,
justeru,selamat,
congratulations,selamat,
komplot,komplotan,
turkiindonesia,turki indonesia,
culture,kultur,
chindo,cina indonesia,
bergunakorupsi,berguna korupsi,
produ,produk,
conflict,konflik,
accountability,pertanggungjawaban,
confidence,keyakinan,
seriusin,serius,
negra,negara,
blessing,berkah,
disguise,penyamaran,
tarfiff,tarif,
typo,kesalahan ketik,
academic,akademik,
educational,edukasi,
origin,original,
ngerespon,merespons,
gunain,menggunakan,
range,rentang,
work,pekerjaan,
menlunya,menteri luar negeri,
jgnkan,jangankan,
kawatir,khawatir,
ngeledekin,meledeki,
liat,lihat,
ngikitin,mengikuti,
disuru,suruh,
ngincer,mengincar,
kertergantungan,ketergantungan,
ngeselin,mengesalkan,
nayangin,menayangkan,
azengg,asing,
anterin,mengantarkan,
turunn,turun,
sendiriann,sendirian,
income,pendapatan,
jumawa,jemawa,
wna,warga negara asing,
dkenakan,dikenakan,
qrisnya,qris,
safety,keselamatan,
include,termasuk,
paaak,bapak,
paaaak,bapak,
jelasinnya,menjelaskan,
menjeritt,menjerit,
rundingin,berunding,
terkdang,terkadang,
nyoba,mencoba,
surprais,kejutan,
ketidakbecusan,tidak becus,
punglimau,pungli mau,
nampkanya,tampaknya,
melobby,melobi,
apkh,apakah,
byknya,banyaknya,
amerikaimpor,amerika impor,
begobegoin,bodoh,
maap,maaf,
ignorant,bodoh,
dihindarin,menghindarkan,
ngeyel,bebal,
cendekiwan,cendekiawan,
excellent,sangat baik,
jlas,jelas,
nakes,tenaga kesehatan,
besae,besar,
konsevatif,konservatif,
surem,suram,
cheat,curang,
jilatin,jilati,
ngejek,mengejek,
imporr,impor,
indonesiaa,indonesia,
goblokgoblok,goblok,
eksporbukan,ekspor bukan,
srimulyono,sri mulyani,
menggangu,mengganggu,
menganggu,mengganggu,
imports,impor,
invansi,invasi,
promosiin,promosi,
dongo,dungu,
bergtug,bergantung,
maen,main,
ngelindungin,ngelindungi,
menggoncang,mengguncang,
memgancam,mengancam,
kekawatiran,kekhawatiran,
pajakbea,pajak bea,
dihilangin,dihilangkan,
pemrentaa,pemerintah,
idrusd,idr usd,
pemasukan,masuk,
sejsk,sejak,
bsa,bisa,
solutionnya,solusinya,
palsuuu,palsu,
ngedukung,mendukung,
optimalisasi,optimal,
devalue,devaluasi,
inspiratif,inspirasi,
jenius,genius,kbbi online adanya stagnansi bjir
usdidr,usd idr,kbbi di web kemaren stagnasi jjir
is ,adalah,bener bang stagnasi. mata gue yg eror
omset,omzet,lu istirahat ge dulu njir lanjut besok pagi
win,menang,
diskus,diskusi,
memungut,pungut,
ketenagakerjaan,tenaga kerja,
judol,judi online,
equity,ekuitas,
ditindaklanjuti,tindak lanjut,
ketidaktentuan,tidak tentu,
dihadang,adang,
richina,republik indonesia china,
uschina,amerika serikat china,
rebound,pemulihan,
disclaimer,pernyataan penolakan tanggung jawab,
longgarin,longgar,
powernya,kekuatannya,
ketidakjelasan,tidak jelas,
id,indonesia,
handle,menangani,
dont,jangan,
talk,bicara,
ngomongnya,ngomong,
securities,sekuritas,
shared,dibagikan,
goods,barang,
telor,telur,
nabung,tabung,
menabung,tabung,
bayarin,bayarkan,
membludak,bludak,
qr,qris,
feenya,biayanya,
currency,mata uang,
nyerah,serah,
menyerah,serah,
benefit,keuntungan,
fisikal,fiskal,
exchange,pertukaran,
shower,mandi,
lemahkan,melemahkan,
dikonfirmasi,mengkonfirmasi,
diblokir,memblokir,
direvisi,merevisi,
dirancang,merancang,
diteruskan,meneruskan,
dipertanyakan,mempertanyakan,
diprotes,memprotes,
representative,perwakilan,
dihadang,mengadang,
luluhkan,meluluhkan,
tinggalkan,meninggalkan,
cerminkan,mencerminkan,
dizalimi,menzalimi,